domain,dq_coverage
clicks,0.4642857142857143
customer,0.35714285714285715
inventory,0.35714285714285715
orders,0.3392857142857143
pricing,0.39285714285714285
sessions,0.42857142857142855
transactions,0.3392857142857143
