schema,completeness,uniqueness,validity
bi,0.9721333333333333,0.9837969696969697,0.9809939393939393
mart,0.9749358974358975,0.9832461538461539,0.9809102564102563
raw,0.9756342105263158,0.9842921052631579,0.9783631578947368
refined,0.9712925,0.9838275,0.9783350000000001
